id,title
file:/home/jorge/sample-document-set/N0747259.pdf,Microsoft Word - N0747259.doc
file:/home/jorge/sample-document-set/N0746797.pdf,UNITED
file:/home/jorge/sample-document-set/N0746827.pdf,UNITED
file:/home/jorge/sample-document-set/N0746383.pdf,Microsoft Word - N0746383.doc
file:/home/jorge/sample-document-set/N0747301.pdf,Microsoft Word - N0747301.doc
file:/home/jorge/sample-document-set/N0747523.pdf,UNITED
file:/home/jorge/sample-document-set/N0746803.pdf,Microsoft Word - N0746803.doc
file:/home/jorge/sample-document-set/N0747793.pdf,Microsoft Word - N0747793.doc
file:/home/jorge/sample-document-set/N0747829.pdf,Microsoft Word - N0747829.doc
file:/home/jorge/sample-document-set/N0746575.pdf,Microsoft Word - N0746575.doc
